{"cameraMode":{"drawMode":0,"name":"Shaded","section":"Shading Mode"},"sceneLighting":true,"audioPlay":false,"sceneViewState":{"m_AlwaysRefresh":false,"showFog":true,"showSkybox":true,"showFlares":true,"showImageEffects":true,"showParticleSystems":true,"showVisualEffectGraphs":true,"m_FxEnabled":true},"in2DMode":false,"pivot":{"x":0.6949787139892578,"y":1.1291882991790772,"z":1.2939975261688233},"rotation":{"x":-0.29151368141174319,"y":0.002006654627621174,"z":-0.0006115023861639202,"w":-0.9565650224685669},"size":3.8234012126922609,"orthographic":false}