{"cameraMode":{"drawMode":0,"name":"Shaded","section":"Shading Mode"},"sceneLighting":false,"audioPlay":false,"sceneViewState":{"m_AlwaysRefresh":false,"showFog":true,"showSkybox":false,"showFlares":true,"showImageEffects":true,"showParticleSystems":true,"showVisualEffectGraphs":true,"m_FxEnabled":true},"in2DMode":false,"pivot":{"x":-3.5762786865234377e-7,"y":1.1729035377502442,"z":0.08400797843933106},"rotation":{"x":-0.297230064868927,"y":0.01059592142701149,"z":-0.003298697294667363,"w":-0.9547414183616638},"size":1.5247571468353272,"orthographic":false}